objective,similarity,type
71908,47.6496,avg_edges
74105,45.5465,avg_edges
76728,43.0901,avg_edges
71615,49.3544,avg_edges
73807,47.3043,avg_edges
73639,42.6987,avg_edges
72885,45.4074,avg_edges
74874,44.3504,avg_edges
72108,47.964,avg_edges
73273,42.6156,avg_edges
75844,41.1021,avg_edges
73840,43.4054,avg_edges
75447,41.3393,avg_edges
76202,42.2823,avg_edges
73457,45.8709,avg_edges
72687,47.1351,avg_edges
74834,43.4004,avg_edges
76329,45.4575,avg_edges
72915,45.7457,avg_edges
74873,43.6456,avg_edges
75299,44.5886,avg_edges
73784,43.6767,avg_edges
74356,44.8519,avg_edges
72992,45.8559,avg_edges
74205,45.992,avg_edges
76189,43.8198,avg_edges
74129,46.7477,avg_edges
73844,47.7017,avg_edges
74259,43.024,avg_edges
73477,44.5896,avg_edges
74711,44.7227,avg_edges
75649,45.6927,avg_edges
75159,42.5636,avg_edges
74006,47.7217,avg_edges
74085,45.4224,avg_edges
75247,44.1281,avg_edges
73962,45.1011,avg_edges
74183,45.5065,avg_edges
73644,44.7998,avg_edges
74285,44.9439,avg_edges
74134,44.1001,avg_edges
75311,44.5015,avg_edges
73329,46.8639,avg_edges
74903,42.2723,avg_edges
72980,46.024,avg_edges
74561,42.8939,avg_edges
73199,46.047,avg_edges
72089,47.8829,avg_edges
74350,45.1502,avg_edges
74091,46.9249,avg_edges
74361,42.4545,avg_edges
73612,44.7698,avg_edges
74272,46.2042,avg_edges
74066,45.5305,avg_edges
74808,43.3874,avg_edges
72604,47.2793,avg_edges
75011,38.8308,avg_edges
77934,40.6707,avg_edges
74298,44.3083,avg_edges
72857,45.1932,avg_edges
74973,45.1782,avg_edges
76622,42.3433,avg_edges
74378,43.025,avg_edges
73465,45.7457,avg_edges
74424,43.2973,avg_edges
74209,45.1051,avg_edges
74494,45.049,avg_edges
73868,44.3033,avg_edges
74493,43.2973,avg_edges
73453,47.2863,avg_edges
72907,48.008,avg_edges
74369,45.3083,avg_edges
73708,42.9059,avg_edges
73989,46.1411,avg_edges
74014,43.035,avg_edges
73008,44.1111,avg_edges
71662,47.8699,avg_edges
73530,45.2182,avg_edges
75602,43.4264,avg_edges
74686,45.4865,avg_edges
74884,43.5085,avg_edges
76113,43.1081,avg_edges
75032,41.8939,avg_edges
74256,46.4745,avg_edges
75324,44.3744,avg_edges
73314,44.4795,avg_edges
74197,44.1702,avg_edges
74310,46.045,avg_edges
74462,43.2122,avg_edges
73948,45.991,avg_edges
72164,45.7908,avg_edges
74851,43.6817,avg_edges
72563,47.2182,avg_edges
73605,45.8218,avg_edges
74396,44.2242,avg_edges
76906,41.2462,avg_edges
74570,44.5666,avg_edges
74682,41.3654,avg_edges
74081,46.7648,avg_edges
75097,44.2803,avg_edges
74048,44.954,avg_edges
74658,45.2663,avg_edges
74084,44.6076,avg_edges
73458,44.0961,avg_edges
74721,45.8498,avg_edges
74909,43.7558,avg_edges
72289,47.1481,avg_edges
74200,45.6867,avg_edges
74445,47.8589,avg_edges
74117,45.0891,avg_edges
73772,46.046,avg_edges
75429,41.6106,avg_edges
72023,48.9259,avg_edges
73518,45.4094,avg_edges
74184,44.8168,avg_edges
75043,44.5055,avg_edges
74568,46.5666,avg_edges
73967,45.6797,avg_edges
73535,43.5485,avg_edges
75055,44.3644,avg_edges
75359,42.5746,avg_edges
74312,43.6426,avg_edges
73600,47.1201,avg_edges
73742,44.0751,avg_edges
74958,42.2472,avg_edges
73372,42.5445,avg_edges
73829,45.1361,avg_edges
76279,40.8118,avg_edges
74782,42.8278,avg_edges
74604,44.1712,avg_edges
74745,40.7538,avg_edges
75395,45.0991,avg_edges
73838,47.1792,avg_edges
73080,46.1291,avg_edges
75718,42.2022,avg_edges
75000,43.6066,avg_edges
75251,44.6446,avg_edges
74801,42.8969,avg_edges
73950,45.972,avg_edges
74049,47.5045,avg_edges
73434,44.9189,avg_edges
72803,47.3253,avg_edges
73755,46.0901,avg_edges
74039,45.0521,avg_edges
73842,44.5145,avg_edges
73865,43.3764,avg_edges
73496,45.3283,avg_edges
73487,45.4845,avg_edges
75146,41.6206,avg_edges
72795,46.2983,avg_edges
76675,43.4775,avg_edges
74587,41.8328,avg_edges
74612,43.006,avg_edges
75722,44.7117,avg_edges
74442,43.5175,avg_edges
75071,43.2903,avg_edges
74097,47.4565,avg_edges
73712,44.4735,avg_edges
76189,40.6436,avg_edges
73314,48.3914,avg_edges
75781,43.3624,avg_edges
73615,45.1421,avg_edges
73583,44.2202,avg_edges
74187,45.4204,avg_edges
74788,44.9239,avg_edges
72953,47.8899,avg_edges
73060,48.027,avg_edges
74357,43.3594,avg_edges
72898,45.7968,avg_edges
73974,45.4905,avg_edges
74598,44.3203,avg_edges
73990,43.976,avg_edges
75182,43.4084,avg_edges
74024,47.6186,avg_edges
76496,43.2653,avg_edges
73796,43.8539,avg_edges
72286,48.7457,avg_edges
77818,39.8418,avg_edges
71638,47.1021,avg_edges
74038,45.6446,avg_edges
73434,44.7738,avg_edges
74838,46.022,avg_edges
74895,41.2743,avg_edges
74559,43.7548,avg_edges
73362,43.2372,avg_edges
73181,42.7718,avg_edges
73164,47.4474,avg_edges
73120,43.3524,avg_edges
73683,45.007,avg_edges
73113,46.5265,avg_edges
72944,45.2693,avg_edges
73158,46.3774,avg_edges
72499,47.9109,avg_edges
75435,39.3814,avg_edges
73594,45.981,avg_edges
73341,42.4124,avg_edges
73467,46.3363,avg_edges
73049,44.5966,avg_edges
75563,43.8338,avg_edges
72653,48.7868,avg_edges
75214,43.3463,avg_edges
73157,44.5485,avg_edges
72943,45.0781,avg_edges
74894,43.4284,avg_edges
73566,46.1882,avg_edges
73657,43.2793,avg_edges
75756,43.3584,avg_edges
71024,51.01,avg_edges
74408,43.009,avg_edges
72940,47.1702,avg_edges
72936,44.7457,avg_edges
73745,47.7688,avg_edges
73615,44.9089,avg_edges
73276,46.2462,avg_edges
73699,41.2803,avg_edges
74634,45.7067,avg_edges
72492,48,avg_edges
75028,41.9489,avg_edges
73892,45.9319,avg_edges
76055,45.8739,avg_edges
72732,46.5986,avg_edges
76480,40.9479,avg_edges
73524,44.9099,avg_edges
73240,45.6577,avg_edges
73510,42.2352,avg_edges
71915,46.7007,avg_edges
73081,46.1812,avg_edges
74037,47.0721,avg_edges
73589,47.3413,avg_edges
72499,46.8659,avg_edges
73033,47.6196,avg_edges
73607,45.028,avg_edges
74115,43.2232,avg_edges
74042,46.7868,avg_edges
73429,45.7808,avg_edges
74984,43.3373,avg_edges
76271,42.6006,avg_edges
74605,43.3724,avg_edges
73753,46.1842,avg_edges
76589,42.2813,avg_edges
75888,43.0981,avg_edges
75405,44.4655,avg_edges
75163,41.5966,avg_edges
73690,45.7317,avg_edges
74020,44.5986,avg_edges
73541,46.4675,avg_edges
76165,42.8829,avg_edges
73398,43.0751,avg_edges
73115,43.004,avg_edges
72438,46.1542,avg_edges
73372,47.974,avg_edges
73968,44.2142,avg_edges
73200,44.6687,avg_edges
74297,45.3173,avg_edges
73227,44.953,avg_edges
76095,42.2472,avg_edges
74359,42.0521,avg_edges
73552,43.5746,avg_edges
74852,45.5095,avg_edges
73582,46.981,avg_edges
75765,45.3413,avg_edges
75059,42.3263,avg_edges
72645,47.1922,avg_edges
73969,46.6517,avg_edges
74397,44.1722,avg_edges
74382,41.6727,avg_edges
74857,45.2162,avg_edges
74286,45.0971,avg_edges
74007,45.4434,avg_edges
74210,44.0981,avg_edges
73711,43.5756,avg_edges
73893,45.6406,avg_edges
74174,44.8308,avg_edges
73626,45.0731,avg_edges
71716,47.9309,avg_edges
73225,46.2032,avg_edges
73916,44.2543,avg_edges
74583,45.3153,avg_edges
73026,45.7317,avg_edges
73376,46.1481,avg_edges
75452,43.1552,avg_edges
73815,44.2232,avg_edges
73687,46.1792,avg_edges
76012,40.6697,avg_edges
75156,43.018,avg_edges
73797,47.3333,avg_edges
73872,46.1882,avg_edges
73268,43.026,avg_edges
72887,47.1191,avg_edges
73513,45.1081,avg_edges
77567,41.3073,avg_edges
76380,43.2002,avg_edges
75902,44.0621,avg_edges
74694,41.8148,avg_edges
73950,44.4434,avg_edges
74180,44.3974,avg_edges
74257,45.7007,avg_edges
74217,44.8559,avg_edges
73128,45.5556,avg_edges
74873,44.6056,avg_edges
74292,44.4795,avg_edges
73959,45.1552,avg_edges
74663,43.2993,avg_edges
73472,42.6697,avg_edges
73500,47.002,avg_edges
73020,47.8308,avg_edges
73657,44.4294,avg_edges
73906,44.9169,avg_edges
73518,45.6677,avg_edges
74055,43.3343,avg_edges
74286,45.6757,avg_edges
73733,46.6577,avg_edges
74726,44.7097,avg_edges
72434,45.3874,avg_edges
74728,41.6406,avg_edges
74460,41.8639,avg_edges
77677,41.1031,avg_edges
73068,45.6747,avg_edges
74499,42.4304,avg_edges
75961,42.7698,avg_edges
75530,44.7858,avg_edges
75443,41.6787,avg_edges
73909,45.3744,avg_edges
75023,45.2042,avg_edges
72649,44.2352,avg_edges
74398,44.3173,avg_edges
74124,44.3053,avg_edges
73495,46.4545,avg_edges
77781,40.8749,avg_edges
72790,46.5976,avg_edges
74152,45.012,avg_edges
73818,45.969,avg_edges
74398,47.1632,avg_edges
73226,44.6236,avg_edges
73356,47.984,avg_edges
74730,44.8268,avg_edges
74829,44.977,avg_edges
73941,46.1952,avg_edges
72862,48.3433,avg_edges
74863,41.7678,avg_edges
74009,45.6547,avg_edges
73063,47.6577,avg_edges
77333,39.6456,avg_edges
73172,44.4675,avg_edges
73556,45.976,avg_edges
72081,47.956,avg_edges
74767,41.96,avg_edges
74982,42.7728,avg_edges
73938,44.6496,avg_edges
75038,45.6446,avg_edges
73750,43.4525,avg_edges
73381,49.3844,avg_edges
73242,42.8739,avg_edges
73623,47.7718,avg_edges
74460,44.4134,avg_edges
74331,43.4124,avg_edges
73546,43.3674,avg_edges
74135,42.96,avg_edges
75202,43.7628,avg_edges
73679,44.5085,avg_edges
74233,45.4605,avg_edges
73731,47.0971,avg_edges
73027,46.1231,avg_edges
73006,44.8749,avg_edges
74266,43.978,avg_edges
73866,45.5185,avg_edges
72405,46.3263,avg_edges
73008,46.0911,avg_edges
75206,44.5676,avg_edges
74184,42.5005,avg_edges
74409,44.3844,avg_edges
73878,46.1922,avg_edges
73693,46.8699,avg_edges
72670,46.4024,avg_edges
75352,44.3924,avg_edges
74296,42.99,avg_edges
73541,47.2182,avg_edges
74789,44.994,avg_edges
73518,46.3594,avg_edges
74614,44.4304,avg_edges
73523,45.4484,avg_edges
72412,47.4795,avg_edges
73549,43.994,avg_edges
74305,44.7658,avg_edges
73935,45.4254,avg_edges
74446,42.9439,avg_edges
73825,46.3764,avg_edges
74732,43.959,avg_edges
76025,42.7157,avg_edges
74100,48.01,avg_edges
74874,43.8408,avg_edges
73850,47.6747,avg_edges
74737,42.7928,avg_edges
73994,46.4905,avg_edges
71054,50.4885,avg_edges
76584,42.5415,avg_edges
75963,43.5656,avg_edges
74059,47.4715,avg_edges
72124,47.2402,avg_edges
73380,44.029,avg_edges
75137,43.2903,avg_edges
73829,43.5916,avg_edges
75299,41.5986,avg_edges
74613,43.8829,avg_edges
74708,43.3383,avg_edges
73635,42.4765,avg_edges
73841,46.6056,avg_edges
74308,44.4034,avg_edges
75069,45.0501,avg_edges
73819,43.2933,avg_edges
73677,45.5455,avg_edges
76213,38.8719,avg_edges
74766,42.4955,avg_edges
73538,48.6036,avg_edges
74437,46.7277,avg_edges
73676,46.6927,avg_edges
74111,43.7958,avg_edges
74619,42.4384,avg_edges
77762,43.3293,avg_edges
75426,40.6897,avg_edges
74088,45.8308,avg_edges
75311,46.3083,avg_edges
76166,42.2152,avg_edges
75338,40.995,avg_edges
73874,44.5225,avg_edges
74598,44.2593,avg_edges
74116,43.4014,avg_edges
73690,47.4725,avg_edges
73640,49.7698,avg_edges
73474,47.1151,avg_edges
73663,44.2322,avg_edges
74520,42.2062,avg_edges
73790,45.3143,avg_edges
73729,44.6937,avg_edges
74927,44.4404,avg_edges
72741,45.8478,avg_edges
74780,44.8368,avg_edges
72884,46.1552,avg_edges
72708,48.1231,avg_edges
72311,47.5836,avg_edges
75265,46.4054,avg_edges
73261,43.8058,avg_edges
75009,43.1662,avg_edges
73325,48.4515,avg_edges
73560,44.3393,avg_edges
74228,43.9149,avg_edges
72180,48.7968,avg_edges
75106,43.1582,avg_edges
75146,45.2322,avg_edges
75416,43.5085,avg_edges
73344,46.6116,avg_edges
75190,43.1712,avg_edges
74165,46.4344,avg_edges
72612,46.976,avg_edges
74226,44.8579,avg_edges
75278,43.8559,avg_edges
73755,43.028,avg_edges
75727,42.6356,avg_edges
73699,46.6727,avg_edges
72210,46.955,avg_edges
71589,49.953,avg_edges
74847,44.1151,avg_edges
74571,43.022,avg_edges
74726,40.5245,avg_edges
71875,46.7928,avg_edges
74678,40.8519,avg_edges
72654,42.953,avg_edges
74491,43.1011,avg_edges
73995,43.8208,avg_edges
73519,43.3954,avg_edges
72617,47.9489,avg_edges
75360,41.7197,avg_edges
76877,41.8759,avg_edges
73329,45.3914,avg_edges
73656,43.8318,avg_edges
74762,45.1191,avg_edges
73296,46.3153,avg_edges
74785,43.7427,avg_edges
73607,43.5245,avg_edges
73213,45.1431,avg_edges
72512,45.6697,avg_edges
73669,46.4244,avg_edges
73828,45.7838,avg_edges
75130,42.7147,avg_edges
72913,46.5285,avg_edges
76056,42.2182,avg_edges
73691,45.7047,avg_edges
72426,46.1271,avg_edges
74319,42.5946,avg_edges
73541,45.0571,avg_edges
75693,43.0551,avg_edges
72304,49.8018,avg_edges
73294,47.4535,avg_edges
72566,46.4464,avg_edges
74626,41.991,avg_edges
73652,44.4104,avg_edges
74650,43.9449,avg_edges
73509,43.9359,avg_edges
72867,47.4074,avg_edges
73797,42.6697,avg_edges
75505,43.2953,avg_edges
72887,47.045,avg_edges
75239,45.2953,avg_edges
73826,46.2272,avg_edges
75816,43.1011,avg_edges
74074,45.4905,avg_edges
74320,44.3734,avg_edges
74791,42.8188,avg_edges
75234,44.8699,avg_edges
72550,46.6336,avg_edges
72783,44.7407,avg_edges
72633,47.5586,avg_edges
74428,43.02,avg_edges
74829,44.023,avg_edges
73629,42.5375,avg_edges
74544,43.1682,avg_edges
74900,42.994,avg_edges
73862,45.6176,avg_edges
72898,43.6507,avg_edges
73419,45.6897,avg_edges
76066,41.7978,avg_edges
74431,45.3403,avg_edges
75079,43.3303,avg_edges
76371,41.999,avg_edges
76786,41.3343,avg_edges
73053,46.4004,avg_edges
74321,44.6006,avg_edges
74536,43.4404,avg_edges
72986,45.6326,avg_edges
73535,46.1692,avg_edges
74503,44.4505,avg_edges
72318,48.1181,avg_edges
73953,45.9469,avg_edges
73009,44.6767,avg_edges
71680,46.0801,avg_edges
74172,46.1231,avg_edges
76456,44.7538,avg_edges
74038,44.5666,avg_edges
74615,42.1451,avg_edges
75992,40.04,avg_edges
74190,44.041,avg_edges
76083,41.4935,avg_edges
74170,44.8649,avg_edges
75141,42.6967,avg_edges
73713,45.0731,avg_edges
74539,44.7167,avg_edges
75759,41.2963,avg_edges
73488,46.013,avg_edges
75569,44.02,avg_edges
74741,45.6977,avg_edges
73991,48.043,avg_edges
73989,45.1952,avg_edges
75119,45.7628,avg_edges
75338,40.8819,avg_edges
73929,43.021,avg_edges
74350,46.7047,avg_edges
73775,45.5495,avg_edges
75108,45.3373,avg_edges
74383,45.8408,avg_edges
73916,43.3453,avg_edges
74565,46.3734,avg_edges
73786,45.3233,avg_edges
73914,45.1722,avg_edges
72453,48.997,avg_edges
73933,46.0901,avg_edges
72374,48.6597,avg_edges
73911,44.4454,avg_edges
74193,43.5966,avg_edges
73812,46.9309,avg_edges
73250,44.5986,avg_edges
73869,45.8178,avg_edges
73666,44.7147,avg_edges
73584,44.2142,avg_edges
74005,45.5365,avg_edges
75338,42.983,avg_edges
74944,44.8388,avg_edges
74027,42.3864,avg_edges
75752,43.017,avg_edges
73269,44.8749,avg_edges
75391,41.1401,avg_edges
73726,45.2292,avg_edges
74703,46.1852,avg_edges
72703,45.014,avg_edges
73564,46.0681,avg_edges
73435,44.5966,avg_edges
72838,47.4835,avg_edges
76382,43.5395,avg_edges
74298,41.1972,avg_edges
76184,41.0921,avg_edges
72968,48.6837,avg_edges
72531,46.8849,avg_edges
73030,45.6557,avg_edges
75251,41.8969,avg_edges
74143,45.6166,avg_edges
75641,43.3353,avg_edges
75499,42.2322,avg_edges
73463,45.5495,avg_edges
72469,48.6637,avg_edges
73236,42.4895,avg_edges
75548,42.4454,avg_edges
74851,42.7618,avg_edges
72601,43.8448,avg_edges
74482,45.9469,avg_edges
73361,43.2492,avg_edges
73455,45.9159,avg_edges
73681,47.9039,avg_edges
72209,47.6937,avg_edges
73584,47.2232,avg_edges
72878,47.7457,avg_edges
73348,45.4314,avg_edges
75013,46.2943,avg_edges
75411,43.6486,avg_edges
73174,44.4585,avg_edges
74596,44.6116,avg_edges
73310,47.0991,avg_edges
74872,45.1251,avg_edges
74393,43.8989,avg_edges
73344,44.8969,avg_edges
72568,47.8298,avg_edges
74110,44.5836,avg_edges
73693,46.7998,avg_edges
74880,43.8298,avg_edges
73317,45.9019,avg_edges
73599,44.8789,avg_edges
73188,47.7548,avg_edges
74038,46.7978,avg_edges
74623,45.6657,avg_edges
75324,41.8108,avg_edges
74936,42.4715,avg_edges
73737,42.6256,avg_edges
76099,43.2643,avg_edges
73076,45.1221,avg_edges
76153,44.6296,avg_edges
74082,44.4575,avg_edges
73624,42.985,avg_edges
73896,43.4084,avg_edges
77675,42.0551,avg_edges
73508,45.8258,avg_edges
74790,43.6667,avg_edges
74213,44.7718,avg_edges
73322,43.7227,avg_edges
74514,42.4785,avg_edges
73537,46.5886,avg_edges
72825,47.5826,avg_edges
73291,46.7327,avg_edges
73093,46.2783,avg_edges
72493,46.7688,avg_edges
73995,44.3243,avg_edges
73526,47.993,avg_edges
75621,43.4184,avg_edges
73219,46.7247,avg_edges
72824,46.8699,avg_edges
74043,43.2042,avg_edges
73800,43.4244,avg_edges
73472,47.2352,avg_edges
73660,45.5245,avg_edges
75206,41.6366,avg_edges
75333,42.4805,avg_edges
73925,44.9339,avg_edges
76138,42.8709,avg_edges
75712,43.4975,avg_edges
72685,47.8478,avg_edges
73538,45.6887,avg_edges
74888,45.8458,avg_edges
74520,44.014,avg_edges
73954,44.002,avg_edges
76743,42.0501,avg_edges
74202,41.049,avg_edges
74630,42.2753,avg_edges
74631,46.8448,avg_edges
73073,46.5586,avg_edges
77210,41.4024,avg_edges
75041,46.1512,avg_edges
72731,47.7367,avg_edges
74644,46.3874,avg_edges
72228,47.8408,avg_edges
72964,47.2923,avg_edges
76252,41.9399,avg_edges
74469,45.6727,avg_edges
73398,43.3634,avg_edges
75177,39.8889,avg_edges
72616,46.1171,avg_edges
74925,44.1642,avg_edges
73902,40.4474,avg_edges
75700,42.9289,avg_edges
73356,44.97,avg_edges
73399,45.1201,avg_edges
74749,43.2152,avg_edges
73609,46.042,avg_edges
74447,45.9319,avg_edges
75051,43.6597,avg_edges
74400,45.5686,avg_edges
77181,41.9179,avg_edges
73163,45.5035,avg_edges
74315,44.4825,avg_edges
73946,44.9209,avg_edges
71534,49.4064,avg_edges
74624,43.4284,avg_edges
73242,49.9369,avg_edges
72122,47.3423,avg_edges
74452,45.9159,avg_edges
75786,44.0921,avg_edges
74364,44.2482,avg_edges
74126,44.997,avg_edges
75626,43.6957,avg_edges
74082,44.7087,avg_edges
74378,44.8839,avg_edges
74736,42.1151,avg_edges
73533,46.7948,avg_edges
73862,44.2412,avg_edges
75022,45.4735,avg_edges
72731,43.956,avg_edges
74209,44.7057,avg_edges
73811,45.7658,avg_edges
73878,43.2583,avg_edges
75136,44.6527,avg_edges
72361,44.5606,avg_edges
75501,45.3273,avg_edges
74638,45.3063,avg_edges
73359,47.1371,avg_edges
77304,39.8288,avg_edges
73612,43.1952,avg_edges
75879,43.5806,avg_edges
73533,44.3133,avg_edges
72112,48.0591,avg_edges
73557,44.034,avg_edges
75336,44.0621,avg_edges
72553,47.2222,avg_edges
73035,46.7788,avg_edges
75606,43.2913,avg_edges
73756,47.6346,avg_edges
73709,47.025,avg_edges
72785,48.6396,avg_edges
74588,44.5866,avg_edges
73948,46.6677,avg_edges
74766,44.2312,avg_edges
74864,43.7237,avg_edges
74754,43.1702,avg_edges
72930,49.032,avg_edges
72336,48.7678,avg_edges
75443,40.9109,avg_edges
74801,45.8549,avg_edges
73136,48.025,avg_edges
74714,44.2653,avg_edges
73490,45.036,avg_edges
73791,42.8739,avg_edges
72981,44.7347,avg_edges
74714,46.2182,avg_edges
73979,43.029,avg_edges
75297,42.9099,avg_edges
73953,46.0741,avg_edges
72811,48.5746,avg_edges
73883,45.6346,avg_edges
73363,45.7417,avg_edges
75187,42.4735,avg_edges
73430,45.5756,avg_edges
73645,43.2623,avg_edges
72399,48.8569,avg_edges
75190,46.1632,avg_edges
72835,44.5135,avg_edges
72806,48.0761,avg_edges
73365,46.1942,avg_edges
74262,46.0981,avg_edges
72828,47.0831,avg_edges
75670,42.6246,avg_edges
76189,43.0731,avg_edges
72456,48.005,avg_edges
75651,43.3704,avg_edges
75256,43.1291,avg_edges
74010,45.0901,avg_edges
73467,43.7217,avg_edges
73105,46.979,avg_edges
74747,43.2903,avg_edges
73980,45.9119,avg_edges
75445,43.6517,avg_edges
76566,43.2933,avg_edges
73528,46.2262,avg_edges
74736,44.5205,avg_edges
73493,44.8639,avg_edges
73798,46.2032,avg_edges
75210,40.7177,avg_edges
72382,45.1632,avg_edges
75314,44.0811,avg_edges
75916,40.5756,avg_edges
72116,47.2022,avg_edges
73750,47.5325,avg_edges
74228,43.2673,avg_edges
73708,44.1742,avg_edges
73638,46.6997,avg_edges
76052,44.2743,avg_edges
75257,43.3173,avg_edges
74769,42.7938,avg_edges
72235,45.7347,avg_edges
73803,45.1982,avg_edges
75054,42.4164,avg_edges
72483,48.9279,avg_edges
74313,45.8769,avg_edges
72255,48.1722,avg_edges
72851,44.6827,avg_edges
73901,43.5546,avg_edges
72006,50.2142,avg_edges
76549,43.7688,avg_edges
72018,48.7187,avg_edges
73718,45.8589,avg_edges
75451,43.6737,avg_edges
74009,43.0881,avg_edges
73772,45.7377,avg_edges
74260,43.8999,avg_edges
75078,47.7297,avg_edges
73970,44.982,avg_edges
76656,40.2713,avg_edges
77362,39.3413,avg_edges
74014,44.6466,avg_edges
72455,45.2432,avg_edges
74167,44.2402,avg_edges
74944,44.5536,avg_edges
71956,46.8809,avg_edges
75442,42.3363,avg_edges
73317,46.7608,avg_edges
75393,42.3954,avg_edges
73935,44.8689,avg_edges
74321,45.4144,avg_edges
74659,44.8569,avg_edges
76740,40.4434,avg_edges
76306,43.8619,avg_edges
74311,44.3103,avg_edges
76842,45.3443,avg_edges
75833,41.8829,avg_edges
74077,44.9019,avg_edges
73018,46.1802,avg_edges
74521,44.5045,avg_edges
74739,44.1702,avg_edges
72926,47.8448,avg_edges
72132,47.9449,avg_edges
73672,46.2172,avg_edges
72917,44.4905,avg_edges
74904,45.2412,avg_edges
75639,43.7858,avg_edges
73330,47.2382,avg_edges
75350,42.4635,avg_edges
73593,45.7968,avg_edges
75578,43.9439,avg_edges
73498,45.3894,avg_edges
73077,45.5926,avg_edges
74864,44.5856,avg_edges
76786,40.4214,avg_edges
72931,45.7868,avg_edges
73395,45.7668,avg_edges
72309,45.2222,avg_edges
73364,43.7287,avg_edges
74396,42.8669,avg_edges
74687,44.7157,avg_edges
72659,47.004,avg_edges
73440,44.7357,avg_edges
71769,49.995,avg_edges
73699,45.7718,avg_edges
72324,47.5876,avg_edges
74474,45.1902,avg_edges
72025,47.7377,avg_edges
73936,47.3013,avg_edges
74465,44.4575,avg_edges
73597,47.6256,avg_edges
73263,44.4695,avg_edges
74422,46.6166,avg_edges
73402,45.1662,avg_edges
74603,42.8969,avg_edges
74744,45.2773,avg_edges
74497,45.7287,avg_edges
76330,42.1241,avg_edges
74722,44.8929,avg_edges
74810,45.3814,avg_edges
73134,45.7467,avg_edges
74967,38.5546,avg_edges
72407,45.5435,avg_edges
75319,43.8629,avg_edges
74302,44.9249,avg_edges
74895,44.8879,avg_edges
73692,44.986,avg_edges
73430,45.8699,avg_edges
75519,41.4975,avg_edges
73859,43.6426,avg_edges
74298,44.6386,avg_edges
72367,47.4434,avg_edges
78125,40.0931,avg_edges
73300,44.5005,avg_edges
73564,46.1171,avg_edges
73751,42.8969,avg_edges
74420,43.3714,avg_edges
74398,45.3403,avg_edges
73419,45.4995,avg_edges
73788,44.6707,avg_edges
74630,43.3373,avg_edges
73750,45.6356,avg_edges
75385,44.9119,avg_edges
73182,46.3884,avg_edges
74880,42.1201,avg_edges
74730,43.0721,avg_edges
74198,46.2082,avg_edges
72293,48.1471,avg_edges
73189,48.3043,avg_edges
74308,46.995,avg_edges
73018,45.4555,avg_edges
74865,41.5055,avg_edges
73811,43.8428,avg_edges
76052,42.0931,avg_edges
73852,47.1562,avg_edges
72747,46.2563,avg_edges
74152,44.1171,avg_edges
74068,45.7628,avg_edges
74200,44.5475,avg_edges
73234,46.3604,avg_edges
74329,43.6547,avg_edges
77171,43.5586,avg_edges
73729,46.1952,avg_edges
73359,44.6787,avg_edges
74350,43.5175,avg_edges
74940,41.965,avg_edges
75540,42.4484,avg_edges
72494,48.6016,avg_edges
73386,47.2422,avg_edges
74004,45.8819,avg_edges
74248,44.6466,avg_edges
76414,39.972,avg_edges
73463,44.2583,avg_edges
74213,46.8098,avg_edges
75048,44.0851,avg_edges
74495,43.2112,avg_edges
74527,45.7808,avg_edges
73710,44.7447,avg_edges
74965,44.1441,avg_edges
73331,47.0931,avg_edges
73827,43.1291,avg_edges
72353,48.3173,avg_edges
73623,47.8929,avg_edges
75073,44.8328,avg_edges
75719,43.3954,avg_edges
74118,45.3023,avg_edges
72313,47.2743,avg_edges
74373,44.6587,avg_edges
74064,46.3083,avg_edges
74780,42.7878,avg_edges
73019,47.964,avg_edges
73200,44.0841,avg_edges
72288,49.02,avg_edges
73107,45.1662,avg_edges
72924,47.9029,avg_edges
73265,44.1191,avg_edges
73144,45.957,avg_edges
74109,44.5025,avg_edges
72134,47.8468,avg_edges
74116,44.1682,avg_edges
73925,45.5766,avg_edges
74298,43.4545,avg_edges
75386,43.6917,avg_edges
74961,43.7297,avg_edges
72185,50.1892,avg_edges
74797,46.6496,avg_edges
73488,44.9209,avg_edges
73608,44.3624,avg_edges
74912,42.4014,avg_edges
74123,45.7898,avg_edges
73185,47.2372,avg_edges
74064,46.4364,avg_edges
72955,49.1832,avg_edges
72904,45.0511,avg_edges
75490,41.8849,avg_edges
74750,39.5035,avg_edges
72598,43.4675,avg_edges
73728,42.025,avg_edges
73273,47.4985,avg_edges
73702,43.5646,avg_edges
74037,45.1331,avg_edges
72504,45.973,avg_edges
73482,45.1161,avg_edges
72264,49.7898,avg_edges
74634,44.7437,avg_edges
73209,47.6697,avg_edges
71470,48.5996,avg_edges
73295,43.6567,avg_edges
73838,46.7237,avg_edges
75198,44.5145,avg_edges
72287,47.5586,avg_edges
74604,45.969,avg_edges
72597,47.2262,avg_edges
75613,44.6617,avg_edges
74912,42.6226,avg_edges
76606,40.4384,avg_edges
73621,46.994,avg_edges
73791,45.1171,avg_edges
72367,44.8448,avg_edges
74238,44.3784,avg_edges
73690,43.0651,avg_edges
73707,45.9359,avg_edges
73348,47.5846,avg_edges
72385,47.8559,avg_edges
73960,44.3193,avg_edges
74289,45.8068,avg_edges
75027,42.7087,avg_edges
73082,47.8849,avg_edges
74174,41.8859,avg_edges
